id,version,Material_Type,Vendor_Code,Vendor_Name,Country,City,Rev,Supplier_Level
1,1,IC,SYN001,Synthetic Vendor 1,TW,Taipei,A,LEVEL 1(KEY SUPPLIER)
2,1,IC,SYN002,Synthetic Vendor 2,TW,Kaohsiung,A,LEVEL 1(KEY SUPPLIER)
3,1,IC,BROWSER003,Browser synthetic vendor 03,TW,Taipei,A,LEVEL 1(KEY SUPPLIER)
4,1,IC,BROWSER004,Browser synthetic vendor 04,TW,Taipei,A,LEVEL 1(KEY SUPPLIER)
5,1,IC,BROWSER005,Browser synthetic vendor 05,TW,Taipei,A,LEVEL 1(KEY SUPPLIER)
6,1,IC,BROWSER006,Browser synthetic vendor 06,TW,Taipei,A,LEVEL 1(KEY SUPPLIER)
7,1,IC,BROWSER007,Browser synthetic vendor 07,TW,Taipei,A,LEVEL 1(KEY SUPPLIER)
8,1,IC,BROWSER008,Browser synthetic vendor 08,TW,Taipei,A,LEVEL 1(KEY SUPPLIER)
9,1,IC,BROWSER009,Browser synthetic vendor 09,TW,Taipei,A,LEVEL 1(KEY SUPPLIER)
10,1,IC,BROWSER010,Browser synthetic vendor 10,TW,Taipei,A,LEVEL 1(KEY SUPPLIER)
11,1,IC,BROWSER011,Browser synthetic vendor 11,TW,Taipei,A,LEVEL 1(KEY SUPPLIER)
12,1,IC,BROWSER012,Browser synthetic vendor 12,TW,Taipei,A,LEVEL 1(KEY SUPPLIER)
13,1,IC,BROWSER013,Browser synthetic vendor 13,TW,Taipei,A,LEVEL 1(KEY SUPPLIER)
14,1,IC,BROWSER014,Browser synthetic vendor 14,TW,Taipei,A,LEVEL 1(KEY SUPPLIER)
16,1,IC,BROWSERCSV,Browser CSV vendor,TW,Taipei,A,LEVEL 1(KEY SUPPLIER)
