period,department,revenue,cost,profit
2026-01,Demo Sales,102500,61400,41100
2026-01,Demo Operations,102500,61400,41100
2026-02,Demo Sales,105000,62800,42200
2026-02,Demo Operations,105000,62800,42200
2026-03,Demo Sales,107500,64200,43300
2026-03,Demo Operations,107500,64200,43300
2026-04,Demo Sales,110000,65600,44400
2026-04,Demo Operations,110000,65600,44400
2026-05,Demo Sales,112500,67000,45500
2026-05,Demo Operations,112500,67000,45500
2026-06,Demo Sales,115000,68400,46600
2026-06,Demo Operations,115000,68400,46600
