case_id,opened_date,due_date,closed_date,priority,finding,status,age_days,overdue_days
action-0001,2026-08-21,2026-08-29,,Low,A synthetic finding 01,Open,45,37
action-0002,2026-08-22,2026-08-31,,Medium,A synthetic finding 02,Open,44,35
action-0004,2026-08-24,2026-08-31,,Low,A synthetic finding 04,Open,42,35
action-0003,2026-08-23,2026-09-02,2026-08-31,High,A synthetic finding 03,Closed,8,0
action-0005,2026-08-25,2026-09-02,,Medium,A synthetic finding 05,Open,41,33
action-0006,2026-08-26,2026-09-04,2026-09-06,High,A synthetic finding 06,Closed,11,2
action-0008,2026-08-28,2026-09-04,,Medium,A synthetic finding 08,Open,38,31
action-0007,2026-08-27,2026-09-06,,Low,A synthetic finding 07,Open,39,29
action-0009,2026-08-29,2026-09-06,2026-09-12,High,A synthetic finding 09,Closed,14,6
action-0010,2026-08-30,2026-09-08,,Low,A synthetic finding 10,Open,36,27
action-0012,2026-09-01,2026-09-08,2026-09-06,High,A synthetic finding 12,Closed,5,0
action-0011,2026-08-31,2026-09-10,,Medium,A synthetic finding 11,Open,35,25
action-0013,2026-09-02,2026-09-10,,Low,A synthetic finding 13,Open,33,25
action-0014,2026-09-03,2026-09-12,,Medium,A synthetic finding 14,Open,32,23
action-0016,2026-09-05,2026-09-12,,Low,A synthetic finding 16,Open,30,23
action-0015,2026-09-04,2026-09-14,2026-09-12,High,A synthetic finding 15,Closed,8,0
action-0017,2026-09-06,2026-09-14,,Medium,A synthetic finding 17,Open,29,21
action-0018,2026-09-07,2026-09-16,2026-09-18,High,A synthetic finding 18,Closed,11,2
action-0020,2026-09-09,2026-09-16,,Medium,A synthetic finding 20,Open,26,19
action-0019,2026-09-08,2026-09-18,,Low,A synthetic finding 19,Open,27,17
action-0021,2026-09-10,2026-09-18,2026-09-24,High,A synthetic finding 21,Closed,14,6
action-0022,2026-09-11,2026-09-20,,Low,A synthetic finding 22,Open,24,15
action-0024,2026-09-13,2026-09-20,2026-09-18,High,A synthetic finding 24,Closed,5,0
action-0023,2026-09-12,2026-09-22,,Medium,A synthetic finding 23,Open,23,13
action-0025,2026-09-14,2026-09-22,,Low,A synthetic finding 25,Open,21,13
action-0026,2026-09-15,2026-09-24,,Medium,A synthetic finding 26,Open,20,11
action-0028,2026-09-17,2026-09-24,,Low,A synthetic finding 28,Open,18,11
action-0027,2026-09-16,2026-09-26,2026-09-24,High,A synthetic finding 27,Closed,8,0
action-0029,2026-09-18,2026-09-26,,Medium,A synthetic finding 29,Open,17,9
action-0030,2026-09-19,2026-09-28,2026-09-30,High,A synthetic finding 30,Closed,11,2
action-0032,2026-09-21,2026-09-28,,Medium,A synthetic finding 32,Open,14,7
action-0031,2026-09-20,2026-09-30,,Low,A synthetic finding 31,Open,15,5
action-0033,2026-09-22,2026-09-30,,High,A synthetic finding 33,Open,13,5
action-0034,2026-09-23,2026-10-02,,Low,A synthetic finding 34,Open,12,3
action-0036,2026-09-25,2026-10-02,2026-09-30,High,A synthetic finding 36,Closed,5,0
action-0035,2026-09-24,2026-10-04,,Medium,A synthetic finding 35,Open,11,1
